{"cameraMode":{"drawMode":0,"name":"Shaded","section":"Shading Mode"},"sceneLighting":true,"audioPlay":false,"sceneViewState":{"showFog":true,"showMaterialUpdate":false,"showSkybox":true,"showFlares":true,"showImageEffects":true,"showParticleSystems":true},"in2DMode":false,"pivot":{"x":9.529216766357422,"y":3.1732449531555177,"z":-3.0551767349243166},"rotation":{"x":0.010317003354430199,"y":0.9846380352973938,"z":-0.062420669943094257,"w":0.1627427190542221},"size":10.0,"orthographic":false}