{"cameraMode":{"drawMode":0,"name":"Shaded","section":"Shading Mode"},"sceneLighting":false,"audioPlay":false,"sceneViewState":{"showFog":true,"showMaterialUpdate":false,"showSkybox":false,"showFlares":true,"showImageEffects":true,"showParticleSystems":true},"in2DMode":false,"pivot":{"x":-30.575164794921876,"y":15.803516387939454,"z":-33.097137451171878},"rotation":{"x":0.019708897918462755,"y":0.9595569968223572,"z":-0.06950677931308747,"w":0.2720860242843628},"size":79.48602294921875,"orthographic":false}