{"cameraMode":{"drawMode":0,"name":"Shaded","section":"Shading Mode"},"sceneLighting":false,"audioPlay":false,"sceneViewState":{"showFog":true,"showMaterialUpdate":false,"showSkybox":false,"showFlares":true,"showImageEffects":true,"showParticleSystems":true},"in2DMode":false,"pivot":{"x":3.5,"y":7.500001907348633,"z":9.250003814697266},"rotation":{"x":0.019708897918462755,"y":0.9595569968223572,"z":-0.06950677931308747,"w":0.2720860242843628},"size":90.09140014648438,"orthographic":false}