{"cameraMode":{"drawMode":0,"name":"Shaded","section":"Shading Mode"},"sceneLighting":true,"audioPlay":false,"sceneViewState":{"showFog":true,"showMaterialUpdate":false,"showSkybox":true,"showFlares":true,"showImageEffects":true,"showParticleSystems":true},"in2DMode":false,"pivot":{"x":3.6726226806640627,"y":3.0543103218078615,"z":-3.201673984527588},"rotation":{"x":-0.009403138421475888,"y":0.9883604645729065,"z":-0.06861307471990586,"w":-0.13545292615890504},"size":10.0,"orthographic":false}